{
  "n_records": 120,
  "conditions": [
    "debate_r1",
    "debate"
  ],
  "metrics": {
    "debate_r1": {
      "tp": 8,
      "fp": 3,
      "tn": 7,
      "fn": 2,
      "recall": [
        0.8,
        0.49015684672072335,
        0.9433190520193067
      ],
      "specificity": [
        0.7,
        0.39677321997956516,
        0.892210712513788
      ],
      "fpr": [
        0.3,
        0.10778928748621197,
        0.6032267800204348
      ],
      "precision": [
        0.7272727272727273,
        0.4343497069897537,
        0.9025411942607853
      ],
      "accuracy": [
        0.75,
        0.5312949900419365,
        0.888139947210597
      ],
      "f1": 0.761904761904762
    },
    "debate": {
      "tp": 8,
      "fp": 3,
      "tn": 7,
      "fn": 2,
      "recall": [
        0.8,
        0.49015684672072335,
        0.9433190520193067
      ],
      "specificity": [
        0.7,
        0.39677321997956516,
        0.892210712513788
      ],
      "fpr": [
        0.3,
        0.10778928748621197,
        0.6032267800204348
      ],
      "precision": [
        0.7272727272727273,
        0.4343497069897537,
        0.9025411942607853
      ],
      "accuracy": [
        0.75,
        0.5312949900419365,
        0.888139947210597
      ],
      "f1": 0.761904761904762
    }
  },
  "tests": {
    "debate_r1_vs_debate": {
      "n": 20,
      "b": 1,
      "c": 1,
      "p_value": 1.0
    }
  }
}