{
  "n_records": 120,
  "conditions": [
    "baseline",
    "debate"
  ],
  "metrics": {
    "baseline": {
      "tp": 10,
      "fp": 8,
      "tn": 2,
      "fn": 0,
      "recall": [
        1.0,
        0.7224598312333834,
        1.0
      ],
      "specificity": [
        0.2,
        0.056680947980693314,
        0.5098431532792765
      ],
      "fpr": [
        0.8,
        0.49015684672072346,
        0.9433190520193067
      ],
      "precision": [
        0.5555555555555556,
        0.3371606942825164,
        0.7544076889861088
      ],
      "accuracy": [
        0.6,
        0.3865779423152061,
        0.7811960325858074
      ],
      "f1": 0.7142857142857143
    },
    "debate": {
      "tp": 8,
      "fp": 2,
      "tn": 8,
      "fn": 2,
      "recall": [
        0.8,
        0.49015684672072335,
        0.9433190520193067
      ],
      "specificity": [
        0.8,
        0.49015684672072335,
        0.9433190520193067
      ],
      "fpr": [
        0.2,
        0.05668094798069334,
        0.5098431532792767
      ],
      "precision": [
        0.8,
        0.49015684672072335,
        0.9433190520193067
      ],
      "accuracy": [
        0.8,
        0.5839782779742401,
        0.9193436467288
      ],
      "f1": 0.8000000000000002
    }
  },
  "tests": {
    "baseline_vs_debate": {
      "n": 20,
      "b": 3,
      "c": 7,
      "p_value": 0.34375
    }
  }
}